Series ID,Year,Period,Label,Value,1-Month Net Change,3-Month Net Change,6-Month Net Change,12-Month Net Change,1-Month % Change,3-Month % Change,6-Month % Change,12-Month % Change
APU000074714,1981,M01,1981 Jan,1.298,0.04,0.048,0.027,0.167,3.2,3.8,2.1,14.8
APU000074714,1981,M02,1981 Feb,1.382,0.084,0.132,0.115,0.175,6.5,10.6,9.1,14.5
APU000074714,1981,M03,1981 Mar,1.417,0.035,0.159,0.16,0.165,2.5,12.6,12.7,13.2
APU000074714,1981,M04,1981 Apr,1.412,-0.005,0.114,0.162,0.148,-0.4,8.8,13,11.7
APU000074714,1981,M05,1981 May,1.4,-0.012,0.018,0.15,0.134,-0.8,1.3,12,10.6
APU000074714,1981,M06,1981 Jun,1.391,-0.009,-0.026,0.133,0.122,-0.6,-1.8,10.6,9.6
APU000074714,1981,M07,1981 Jul,1.382,-0.009,-0.03,0.084,0.111,-0.6,-2.1,6.5,8.7
APU000074714,1981,M08,1981 Aug,1.376,-0.006,-0.024,-0.006,0.109,-0.4,-1.7,-0.4,8.6
APU000074714,1981,M09,1981 Sep,1.376,0,-0.015,-0.041,0.119,0,-1.1,-2.9,9.5
APU000074714,1981,M10,1981 Oct,1.371,-0.005,-0.011,-0.041,0.121,-0.4,-0.8,-2.9,9.7
APU000074714,1981,M11,1981 Nov,1.369,-0.002,-0.007,-0.031,0.119,-0.1,-0.5,-2.2,9.5
APU000074714,1981,M12,1981 Dec,1.365,-0.004,-0.011,-0.026,0.107,-0.3,-0.8,-1.9,8.5
APU000074714,1982,M01,1982 Jan,1.358,-0.007,-0.013,-0.024,0.06,-0.5,-0.9,-1.7,4.6
APU000074714,1982,M02,1982 Feb,1.334,-0.024,-0.035,-0.042,-0.048,-1.8,-2.6,-3.1,-3.5
APU000074714,1982,M03,1982 Mar,1.284,-0.05,-0.081,-0.092,-0.133,-3.7,-5.9,-6.7,-9.4
APU000074714,1982,M04,1982 Apr,1.225,-0.059,-0.133,-0.146,-0.187,-4.6,-9.8,-10.6,-13.2
APU000074714,1982,M05,1982 May,1.237,0.012,-0.097,-0.132,-0.163,1,-7.3,-9.6,-11.6
APU000074714,1982,M06,1982 Jun,1.309,0.072,0.025,-0.056,-0.082,5.8,1.9,-4.1,-5.9
APU000074714,1982,M07,1982 Jul,1.331,0.022,0.106,-0.027,-0.051,1.7,8.7,-2,-3.7
APU000074714,1982,M08,1982 Aug,1.323,-0.008,0.086,-0.011,-0.053,-0.6,7,-0.8,-3.9
APU000074714,1982,M09,1982 Sep,1.307,-0.016,-0.002,0.023,-0.069,-1.2,-0.2,1.8,-5
APU000074714,1982,M10,1982 Oct,1.295,-0.012,-0.036,0.07,-0.076,-0.9,-2.7,5.7,-5.5
APU000074714,1982,M11,1982 Nov,1.283,-0.012,-0.04,0.046,-0.086,-0.9,-3,3.7,-6.3
APU000074714,1982,M12,1982 Dec,1.26,-0.023,-0.047,-0.049,-0.105,-1.8,-3.6,-3.7,-7.7
APU000074714,1983,M01,1983 Jan,1.23,-0.03,-0.065,-0.101,-0.128,-2.4,-5,-7.6,-9.4
APU000074714,1983,M02,1983 Feb,1.187,-0.043,-0.096,-0.136,-0.147,-3.5,-7.5,-10.3,-11
APU000074714,1983,M03,1983 Mar,1.152,-0.035,-0.108,-0.155,-0.132,-2.9,-8.6,-11.9,-10.3
APU000074714,1983,M04,1983 Apr,1.215,0.063,-0.015,-0.08,-0.01,5.5,-1.2,-6.2,-0.8
APU000074714,1983,M05,1983 May,1.259,0.044,0.072,-0.024,0.022,3.6,6.1,-1.9,1.8
APU000074714,1983,M06,1983 Jun,1.277,0.018,0.125,0.017,-0.032,1.4,10.9,1.3,-2.4
APU000074714,1983,M07,1983 Jul,1.288,0.011,0.073,0.058,-0.043,0.9,6,4.7,-3.2
APU000074714,1983,M08,1983 Aug,1.285,-0.003,0.026,0.098,-0.038,-0.2,2.1,8.3,-2.9
APU000074714,1983,M09,1983 Sep,1.274,-0.011,-0.003,0.122,-0.033,-0.9,-0.2,10.6,-2.5
APU000074714,1983,M10,1983 Oct,1.255,-0.019,-0.033,0.04,-0.04,-1.5,-2.6,3.3,-3.1
APU000074714,1983,M11,1983 Nov,1.241,-0.014,-0.044,-0.018,-0.042,-1.1,-3.4,-1.4,-3.3
APU000074714,1983,M12,1983 Dec,1.231,-0.01,-0.043,-0.046,-0.029,-0.8,-3.4,-3.6,-2.3
APU000074714,1984,M01,1984 Jan,1.216,-0.015,-0.039,-0.072,-0.014,-1.2,-3.1,-5.6,-1.1
APU000074714,1984,M02,1984 Feb,1.209,-0.007,-0.032,-0.076,0.022,-0.6,-2.6,-5.9,1.9
APU000074714,1984,M03,1984 Mar,1.21,0.001,-0.021,-0.064,0.058,0.1,-1.7,-5,5
APU000074714,1984,M04,1984 Apr,1.227,0.017,0.011,-0.028,0.012,1.4,0.9,-2.2,1
APU000074714,1984,M05,1984 May,1.236,0.009,0.027,-0.005,-0.023,0.7,2.2,-0.4,-1.8
APU000074714,1984,M06,1984 Jun,1.229,-0.007,0.019,-0.002,-0.048,-0.6,1.6,-0.2,-3.8
APU000074714,1984,M07,1984 Jul,1.212,-0.017,-0.015,-0.004,-0.076,-1.4,-1.2,-0.3,-5.9
APU000074714,1984,M08,1984 Aug,1.196,-0.016,-0.04,-0.013,-0.089,-1.3,-3.2,-1.1,-6.9
APU000074714,1984,M09,1984 Sep,1.203,0.007,-0.026,-0.007,-0.071,0.6,-2.1,-0.6,-5.6
APU000074714,1984,M10,1984 Oct,1.209,0.006,-0.003,-0.018,-0.046,0.5,-0.2,-1.5,-3.7
APU000074714,1984,M11,1984 Nov,1.207,-0.002,0.011,-0.029,-0.034,-0.2,0.9,-2.3,-2.7
APU000074714,1984,M12,1984 Dec,1.193,-0.014,-0.01,-0.036,-0.038,-1.2,-0.8,-2.9,-3.1
APU000074714,1985,M01,1985 Jan,1.148,-0.045,-0.061,-0.064,-0.068,-3.8,-5,-5.3,-5.6
APU000074714,1985,M02,1985 Feb,1.131,-0.017,-0.076,-0.065,-0.078,-1.5,-6.3,-5.4,-6.5
APU000074714,1985,M03,1985 Mar,1.159,0.028,-0.034,-0.044,-0.051,2.5,-2.8,-3.7,-4.2
APU000074714,1985,M04,1985 Apr,1.205,0.046,0.057,-0.004,-0.022,4,5,-0.3,-1.8
APU000074714,1985,M05,1985 May,1.231,0.026,0.1,0.024,-0.005,2.2,8.8,2,-0.4
APU000074714,1985,M06,1985 Jun,1.241,0.01,0.082,0.048,0.012,0.8,7.1,4,1
APU000074714,1985,M07,1985 Jul,1.242,0.001,0.037,0.094,0.03,0.1,3.1,8.2,2.5
APU000074714,1985,M08,1985 Aug,1.229,-0.013,-0.002,0.098,0.033,-1,-0.2,8.7,2.8
APU000074714,1985,M09,1985 Sep,1.216,-0.013,-0.025,0.057,0.013,-1.1,-2,4.9,1.1
APU000074714,1985,M10,1985 Oct,1.204,-0.012,-0.038,-0.001,-0.005,-1,-3.1,-0.1,-0.4
APU000074714,1985,M11,1985 Nov,1.207,0.003,-0.022,-0.024,0,0.2,-1.8,-1.9,0
APU000074714,1985,M12,1985 Dec,1.208,0.001,-0.008,-0.033,0.015,0.1,-0.7,-2.7,1.3
APU000074714,1986,M01,1986 Jan,1.194,-0.014,-0.01,-0.048,0.046,-1.2,-0.8,-3.9,4
APU000074714,1986,M02,1986 Feb,1.12,-0.074,-0.087,-0.109,-0.011,-6.2,-7.2,-8.9,-1
APU000074714,1986,M03,1986 Mar,0.981,-0.139,-0.227,-0.235,-0.178,-12.4,-18.8,-19.3,-15.4
APU000074714,1986,M04,1986 Apr,0.888,-0.093,-0.306,-0.316,-0.317,-9.5,-25.6,-26.2,-26.3
APU000074714,1986,M05,1986 May,0.923,0.035,-0.197,-0.284,-0.308,3.9,-17.6,-23.5,-25
APU000074714,1986,M06,1986 Jun,0.955,0.032,-0.026,-0.253,-0.286,3.5,-2.7,-20.9,-23
APU000074714,1986,M07,1986 Jul,0.89,-0.065,0.002,-0.304,-0.352,-6.8,0.2,-25.5,-28.3
APU000074714,1986,M08,1986 Aug,0.843,-0.047,-0.08,-0.277,-0.386,-5.3,-8.7,-24.7,-31.4
APU000074714,1986,M09,1986 Sep,0.86,0.017,-0.095,-0.121,-0.356,2,-9.9,-12.3,-29.3
APU000074714,1986,M10,1986 Oct,0.831,-0.029,-0.059,-0.057,-0.373,-3.4,-6.6,-6.4,-31
APU000074714,1986,M11,1986 Nov,0.821,-0.01,-0.022,-0.102,-0.386,-1.2,-2.6,-11.1,-32
APU000074714,1986,M12,1986 Dec,0.823,0.002,-0.037,-0.132,-0.385,0.2,-4.3,-13.8,-31.9
APU000074714,1987,M01,1987 Jan,0.862,0.039,0.031,-0.028,-0.332,4.7,3.7,-3.1,-27.8
APU000074714,1987,M02,1987 Feb,0.905,0.043,0.084,0.062,-0.215,5,10.2,7.4,-19.2
APU000074714,1987,M03,1987 Mar,0.912,0.007,0.089,0.052,-0.069,0.8,10.8,6,-7
APU000074714,1987,M04,1987 Apr,0.934,0.022,0.072,0.103,0.046,2.4,8.4,12.4,5.2
APU000074714,1987,M05,1987 May,0.941,0.007,0.036,0.12,0.018,0.7,4,14.6,2
APU000074714,1987,M06,1987 Jun,0.958,0.017,0.046,0.135,0.003,1.8,5,16.4,0.3
APU000074714,1987,M07,1987 Jul,0.971,0.013,0.037,0.109,0.081,1.4,4,12.6,9.1
APU000074714,1987,M08,1987 Aug,0.995,0.024,0.054,0.09,0.152,2.5,5.7,9.9,18
APU000074714,1987,M09,1987 Sep,0.99,-0.005,0.032,0.078,0.13,-0.5,3.3,8.6,15.1
APU000074714,1987,M10,1987 Oct,0.976,-0.014,0.005,0.042,0.145,-1.4,0.5,4.5,17.4
APU000074714,1987,M11,1987 Nov,0.976,0,-0.019,0.035,0.155,0,-1.9,3.7,18.9
APU000074714,1987,M12,1987 Dec,0.961,-0.015,-0.029,0.003,0.138,-1.5,-2.9,0.3,16.8
APU000074714,1988,M01,1988 Jan,0.933,-0.028,-0.043,-0.038,0.071,-2.9,-4.4,-3.9,8.2
APU000074714,1988,M02,1988 Feb,0.913,-0.02,-0.063,-0.082,0.008,-2.1,-6.5,-8.2,0.9
APU000074714,1988,M03,1988 Mar,0.904,-0.009,-0.057,-0.086,-0.008,-1,-5.9,-8.7,-0.9
APU000074714,1988,M04,1988 Apr,0.93,0.026,-0.003,-0.046,-0.004,2.9,-0.3,-4.7,-0.4
APU000074714,1988,M05,1988 May,0.955,0.025,0.042,-0.021,0.014,2.7,4.6,-2.2,1.5
APU000074714,1988,M06,1988 Jun,0.955,0,0.051,-0.006,-0.003,0,5.6,-0.6,-0.3
APU000074714,1988,M07,1988 Jul,0.967,0.012,0.037,0.034,-0.004,1.3,4,3.6,-0.4
APU000074714,1988,M08,1988 Aug,0.987,0.02,0.032,0.074,-0.008,2.1,3.4,8.1,-0.8
APU000074714,1988,M09,1988 Sep,0.974,-0.013,0.019,0.07,-0.016,-1.3,2,7.7,-1.6
APU000074714,1988,M10,1988 Oct,0.957,-0.017,-0.01,0.027,-0.019,-1.7,-1,2.9,-1.9
APU000074714,1988,M11,1988 Nov,0.949,-0.008,-0.038,-0.006,-0.027,-0.8,-3.9,-0.6,-2.8
APU000074714,1988,M12,1988 Dec,0.93,-0.019,-0.044,-0.025,-0.031,-2,-4.5,-2.6,-3.2
APU000074714,1989,M01,1989 Jan,0.918,-0.012,-0.039,-0.049,-0.015,-1.3,-4.1,-5.1,-1.6
APU000074714,1989,M02,1989 Feb,0.926,0.008,-0.023,-0.061,0.013,0.9,-2.4,-6.2,1.4
APU000074714,1989,M03,1989 Mar,0.94,0.014,0.01,-0.034,0.036,1.5,1.1,-3.5,4
APU000074714,1989,M04,1989 Apr,1.065,0.125,0.147,0.108,0.135,13.3,16,11.3,14.5
APU000074714,1989,M05,1989 May,1.119,0.054,0.193,0.17,0.164,5.1,20.8,17.9,17.2
APU000074714,1989,M06,1989 Jun,1.114,-0.005,0.174,0.184,0.159,-0.4,18.5,19.8,16.6
APU000074714,1989,M07,1989 Jul,1.092,-0.022,0.027,0.174,0.125,-2,2.5,19,12.9
APU000074714,1989,M08,1989 Aug,1.057,-0.035,-0.062,0.131,0.07,-3.2,-5.5,14.1,7.1
APU000074714,1989,M09,1989 Sep,1.029,-0.028,-0.085,0.089,0.055,-2.6,-7.6,9.5,5.6
APU000074714,1989,M10,1989 Oct,1.027,-0.002,-0.065,-0.038,0.07,-0.2,-6,-3.6,7.3
APU000074714,1989,M11,1989 Nov,0.999,-0.028,-0.058,-0.12,0.05,-2.7,-5.5,-10.7,5.3
APU000074714,1989,M12,1989 Dec,0.98,-0.019,-0.049,-0.134,0.05,-1.9,-4.8,-12,5.4
APU000074714,1990,M01,1990 Jan,1.042,0.062,0.015,-0.05,0.124,6.3,1.5,-4.6,13.5
APU000074714,1990,M02,1990 Feb,1.037,-0.005,0.038,-0.02,0.111,-0.5,3.8,-1.9,12
APU000074714,1990,M03,1990 Mar,1.023,-0.014,0.043,-0.006,0.083,-1.4,4.4,-0.6,8.8
APU000074714,1990,M04,1990 Apr,1.044,0.021,0.002,0.017,-0.021,2.1,0.2,1.7,-2
APU000074714,1990,M05,1990 May,1.061,0.017,0.024,0.062,-0.058,1.6,2.3,6.2,-5.2
APU000074714,1990,M06,1990 Jun,1.088,0.027,0.065,0.108,-0.026,2.5,6.4,11,-2.3
APU000074714,1990,M07,1990 Jul,1.084,-0.004,0.04,0.042,-0.008,-0.4,3.8,4,-0.7
APU000074714,1990,M08,1990 Aug,1.19,0.106,0.129,0.153,0.133,9.8,12.2,14.8,12.6
APU000074714,1990,M09,1990 Sep,1.294,0.104,0.206,0.271,0.265,8.7,18.9,26.5,25.8
APU000074714,1990,M10,1990 Oct,1.378,0.084,0.294,0.334,0.351,6.5,27.1,32,34.2
APU000074714,1990,M11,1990 Nov,1.377,-0.001,0.187,0.316,0.378,-0.1,15.7,29.8,37.8
APU000074714,1990,M12,1990 Dec,1.354,-0.023,0.06,0.266,0.374,-1.7,4.6,24.4,38.2
APU000074714,1991,M01,1991 Jan,1.247,-0.107,-0.131,0.163,0.205,-7.9,-9.5,15,19.7
APU000074714,1991,M02,1991 Feb,1.143,-0.104,-0.234,-0.047,0.106,-8.3,-17,-3.9,10.2
APU000074714,1991,M03,1991 Mar,1.082,-0.061,-0.272,-0.212,0.059,-5.3,-20.1,-16.4,5.8
APU000074714,1991,M04,1991 Apr,1.104,0.022,-0.143,-0.274,0.06,2,-11.5,-19.9,5.7
APU000074714,1991,M05,1991 May,1.156,0.052,0.013,-0.221,0.095,4.7,1.1,-16,9
APU000074714,1991,M06,1991 Jun,1.16,0.004,0.078,-0.194,0.072,0.3,7.2,-14.3,6.6
APU000074714,1991,M07,1991 Jul,1.127,-0.033,0.023,-0.12,0.043,-2.8,2.1,-9.6,4
APU000074714,1991,M08,1991 Aug,1.14,0.013,-0.016,-0.003,-0.05,1.2,-1.4,-0.3,-4.2
APU000074714,1991,M09,1991 Sep,1.143,0.003,-0.017,0.061,-0.151,0.3,-1.5,5.6,-11.7
APU000074714,1991,M10,1991 Oct,1.122,-0.021,-0.005,0.018,-0.256,-1.8,-0.4,1.6,-18.6
APU000074714,1991,M11,1991 Nov,1.134,0.012,-0.006,-0.022,-0.243,1.1,-0.5,-1.9,-17.6
APU000074714,1991,M12,1991 Dec,1.123,-0.011,-0.02,-0.037,-0.231,-1,-1.7,-3.2,-17.1
APU000074714,1992,M01,1992 Jan,1.073,-0.05,-0.049,-0.054,-0.174,-4.5,-4.4,-4.8,-14
APU000074714,1992,M02,1992 Feb,1.054,-0.019,-0.08,-0.086,-0.089,-1.8,-7.1,-7.5,-7.8
APU000074714,1992,M03,1992 Mar,1.058,0.004,-0.065,-0.085,-0.024,0.4,-5.8,-7.4,-2.2
APU000074714,1992,M04,1992 Apr,1.079,0.021,0.006,-0.043,-0.025,2,0.6,-3.8,-2.3
APU000074714,1992,M05,1992 May,1.136,0.057,0.082,0.002,-0.02,5.3,7.8,0.2,-1.7
APU000074714,1992,M06,1992 Jun,1.179,0.043,0.121,0.056,0.019,3.8,11.4,5,1.6
APU000074714,1992,M07,1992 Jul,1.174,-0.005,0.095,0.101,0.047,-0.4,8.8,9.4,4.2
APU000074714,1992,M08,1992 Aug,1.158,-0.016,0.022,0.104,0.018,-1.4,1.9,9.9,1.6
APU000074714,1992,M09,1992 Sep,1.158,0,-0.021,0.1,0.015,0,-1.8,9.5,1.3
APU000074714,1992,M10,1992 Oct,1.154,-0.004,-0.02,0.075,0.032,-0.3,-1.7,7,2.9
APU000074714,1992,M11,1992 Nov,1.159,0.005,0.001,0.023,0.025,0.4,0.1,2,2.2
APU000074714,1992,M12,1992 Dec,1.136,-0.023,-0.022,-0.043,0.013,-2,-1.9,-3.6,1.2
APU000074714,1993,M01,1993 Jan,1.117,-0.019,-0.037,-0.057,0.044,-1.7,-3.2,-4.9,4.1
APU000074714,1993,M02,1993 Feb,1.108,-0.009,-0.051,-0.05,0.054,-0.8,-4.4,-4.3,5.1
APU000074714,1993,M03,1993 Mar,1.098,-0.01,-0.038,-0.06,0.04,-0.9,-3.3,-5.2,3.8
APU000074714,1993,M04,1993 Apr,1.112,0.014,-0.005,-0.042,0.033,1.3,-0.4,-3.6,3.1
APU000074714,1993,M05,1993 May,1.129,0.017,0.021,-0.03,-0.007,1.5,1.9,-2.6,-0.6
APU000074714,1993,M06,1993 Jun,1.13,0.001,0.032,-0.006,-0.049,0.1,2.9,-0.5,-4.2
APU000074714,1993,M07,1993 Jul,1.109,-0.021,-0.003,-0.008,-0.065,-1.9,-0.3,-0.7,-5.5
APU000074714,1993,M08,1993 Aug,1.097,-0.012,-0.032,-0.011,-0.061,-1.1,-2.8,-1,-5.3
APU000074714,1993,M09,1993 Sep,1.085,-0.012,-0.045,-0.013,-0.073,-1.1,-4,-1.2,-6.3
APU000074714,1993,M10,1993 Oct,1.127,0.042,0.018,0.015,-0.027,3.9,1.6,1.3,-2.3
APU000074714,1993,M11,1993 Nov,1.113,-0.014,0.016,-0.016,-0.046,-1.2,1.5,-1.4,-4
APU000074714,1993,M12,1993 Dec,1.07,-0.043,-0.015,-0.06,-0.066,-3.9,-1.4,-5.3,-5.8
APU000074714,1994,M01,1994 Jan,1.043,-0.027,-0.084,-0.066,-0.074,-2.5,-7.5,-6,-6.6
APU000074714,1994,M02,1994 Feb,1.051,0.008,-0.062,-0.046,-0.057,0.8,-5.6,-4.2,-5.1
APU000074714,1994,M03,1994 Mar,1.045,-0.006,-0.025,-0.04,-0.053,-0.6,-2.3,-3.7,-4.8
APU000074714,1994,M04,1994 Apr,1.064,0.019,0.021,-0.063,-0.048,1.8,2,-5.6,-4.3
APU000074714,1994,M05,1994 May,1.08,0.016,0.029,-0.033,-0.049,1.5,2.8,-3,-4.3
APU000074714,1994,M06,1994 Jun,1.106,0.026,0.061,0.036,-0.024,2.4,5.8,3.4,-2.1
APU000074714,1994,M07,1994 Jul,1.136,0.03,0.072,0.093,0.027,2.7,6.8,8.9,2.4
APU000074714,1994,M08,1994 Aug,1.182,0.046,0.102,0.131,0.085,4,9.4,12.5,7.7
APU000074714,1994,M09,1994 Sep,1.177,-0.005,0.071,0.132,0.092,-0.4,6.4,12.6,8.5
APU000074714,1994,M10,1994 Oct,1.152,-0.025,0.016,0.088,0.025,-2.1,1.4,8.3,2.2
APU000074714,1994,M11,1994 Nov,1.163,0.011,-0.019,0.083,0.05,1,-1.6,7.7,4.5
APU000074714,1994,M12,1994 Dec,1.143,-0.02,-0.034,0.037,0.073,-1.7,-2.9,3.3,6.8
APU000074714,1995,M01,1995 Jan,1.129,-0.014,-0.023,-0.007,0.086,-1.2,-2,-0.6,8.2
APU000074714,1995,M02,1995 Feb,1.12,-0.009,-0.043,-0.062,0.069,-0.8,-3.7,-5.2,6.6
APU000074714,1995,M03,1995 Mar,1.115,-0.005,-0.028,-0.062,0.07,-0.4,-2.4,-5.3,6.7
APU000074714,1995,M04,1995 Apr,1.14,0.025,0.011,-0.012,0.076,2.2,1,-1,7.1
APU000074714,1995,M05,1995 May,1.2,0.06,0.08,0.037,0.12,5.3,7.1,3.2,11.1
APU000074714,1995,M06,1995 Jun,1.226,0.026,0.111,0.083,0.12,2.2,10,7.3,10.8
APU000074714,1995,M07,1995 Jul,1.195,-0.031,0.055,0.066,0.059,-2.5,4.8,5.8,5.2
APU000074714,1995,M08,1995 Aug,1.164,-0.031,-0.036,0.044,-0.018,-2.6,-3,3.9,-1.5
APU000074714,1995,M09,1995 Sep,1.148,-0.016,-0.078,0.033,-0.029,-1.4,-6.4,3,-2.5
APU000074714,1995,M10,1995 Oct,1.127,-0.021,-0.068,-0.013,-0.025,-1.8,-5.7,-1.1,-2.2
APU000074714,1995,M11,1995 Nov,1.101,-0.026,-0.063,-0.099,-0.062,-2.3,-5.4,-8.3,-5.3
APU000074714,1995,M12,1995 Dec,1.101,0,-0.047,-0.125,-0.042,0,-4.1,-10.2,-3.7
APU000074714,1996,M01,1996 Jan,1.129,0.028,0.002,-0.066,0,2.5,0.2,-5.5,0
APU000074714,1996,M02,1996 Feb,1.124,-0.005,0.023,-0.04,0.004,-0.4,2.1,-3.4,0.4
APU000074714,1996,M03,1996 Mar,1.162,0.038,0.061,0.014,0.047,3.4,5.5,1.2,4.2
APU000074714,1996,M04,1996 Apr,1.251,0.089,0.122,0.124,0.111,7.7,10.8,11,9.7
APU000074714,1996,M05,1996 May,1.323,0.072,0.199,0.222,0.123,5.8,17.7,20.2,10.3
APU000074714,1996,M06,1996 Jun,1.299,-0.024,0.137,0.198,0.073,-1.8,11.8,18,6
APU000074714,1996,M07,1996 Jul,1.272,-0.027,0.021,0.143,0.077,-2.1,1.7,12.7,6.4
APU000074714,1996,M08,1996 Aug,1.24,-0.032,-0.083,0.116,0.076,-2.5,-6.3,10.3,6.5
APU000074714,1996,M09,1996 Sep,1.234,-0.006,-0.065,0.072,0.086,-0.5,-5,6.2,7.5
APU000074714,1996,M10,1996 Oct,1.227,-0.007,-0.045,-0.024,0.1,-0.6,-3.5,-1.9,8.9
APU000074714,1996,M11,1996 Nov,1.25,0.023,0.01,-0.073,0.149,1.9,0.8,-5.5,13.5
APU000074714,1996,M12,1996 Dec,1.26,0.01,0.026,-0.039,0.159,0.8,2.1,-3,14.4
APU000074714,1997,M01,1997 Jan,1.261,0.001,0.034,-0.011,0.132,0.1,2.8,-0.9,11.7
APU000074714,1997,M02,1997 Feb,1.255,-0.006,0.005,0.015,0.131,-0.5,0.4,1.2,11.7
APU000074714,1997,M03,1997 Mar,1.235,-0.02,-0.025,0.001,0.073,-1.6,-2,0.1,6.3
APU000074714,1997,M04,1997 Apr,1.231,-0.004,-0.03,0.004,-0.02,-0.3,-2.4,0.3,-1.6
APU000074714,1997,M05,1997 May,1.226,-0.005,-0.029,-0.024,-0.097,-0.4,-2.3,-1.9,-7.3
APU000074714,1997,M06,1997 Jun,1.229,0.003,-0.006,-0.031,-0.07,0.2,-0.5,-2.5,-5.4
APU000074714,1997,M07,1997 Jul,1.205,-0.024,-0.026,-0.056,-0.067,-2,-2.1,-4.4,-5.3
APU000074714,1997,M08,1997 Aug,1.253,0.048,0.027,-0.002,0.013,4,2.2,-0.2,1
APU000074714,1997,M09,1997 Sep,1.277,0.024,0.048,0.042,0.043,1.9,3.9,3.4,3.5
APU000074714,1997,M10,1997 Oct,1.242,-0.035,0.037,0.011,0.015,-2.7,3.1,0.9,1.2
APU000074714,1997,M11,1997 Nov,1.213,-0.029,-0.04,-0.013,-0.037,-2.3,-3.2,-1.1,-3
APU000074714,1997,M12,1997 Dec,1.177,-0.036,-0.1,-0.052,-0.083,-3,-7.8,-4.2,-6.6
APU000074714,1998,M01,1998 Jan,1.131,-0.046,-0.111,-0.074,-0.13,-3.9,-8.9,-6.1,-10.3
APU000074714,1998,M02,1998 Feb,1.082,-0.049,-0.131,-0.171,-0.173,-4.3,-10.8,-13.6,-13.8
APU000074714,1998,M03,1998 Mar,1.041,-0.041,-0.136,-0.236,-0.194,-3.8,-11.6,-18.5,-15.7
APU000074714,1998,M04,1998 Apr,1.052,0.011,-0.079,-0.19,-0.179,1.1,-7,-15.3,-14.5
APU000074714,1998,M05,1998 May,1.092,0.04,0.01,-0.121,-0.134,3.8,0.9,-10,-10.9
APU000074714,1998,M06,1998 Jun,1.094,0.002,0.053,-0.083,-0.135,0.2,5.1,-7.1,-11
APU000074714,1998,M07,1998 Jul,1.079,-0.015,0.027,-0.052,-0.126,-1.4,2.6,-4.6,-10.5
APU000074714,1998,M08,1998 Aug,1.052,-0.027,-0.04,-0.03,-0.201,-2.5,-3.7,-2.8,-16
APU000074714,1998,M09,1998 Sep,1.033,-0.019,-0.061,-0.008,-0.244,-1.8,-5.6,-0.8,-19.1
APU000074714,1998,M10,1998 Oct,1.042,0.009,-0.037,-0.01,-0.2,0.9,-3.4,-1,-16.1
APU000074714,1998,M11,1998 Nov,1.028,-0.014,-0.024,-0.064,-0.185,-1.3,-2.3,-5.9,-15.3
APU000074714,1998,M12,1998 Dec,0.986,-0.042,-0.047,-0.108,-0.191,-4.1,-4.5,-9.9,-16.2
APU000074714,1999,M01,1999 Jan,0.972,-0.014,-0.07,-0.107,-0.159,-1.4,-6.7,-9.9,-14.1
APU000074714,1999,M02,1999 Feb,0.955,-0.017,-0.073,-0.097,-0.127,-1.7,-7.1,-9.2,-11.7
APU000074714,1999,M03,1999 Mar,0.991,0.036,0.005,-0.042,-0.05,3.8,0.5,-4.1,-4.8
APU000074714,1999,M04,1999 Apr,1.177,0.186,0.205,0.135,0.125,18.8,21.1,13,11.9
APU000074714,1999,M05,1999 May,1.178,0.001,0.223,0.15,0.086,0.1,23.4,14.6,7.9
APU000074714,1999,M06,1999 Jun,1.148,-0.03,0.157,0.162,0.054,-2.5,15.8,16.4,4.9
APU000074714,1999,M07,1999 Jul,1.189,0.041,0.012,0.217,0.11,3.6,1,22.3,10.2
APU000074714,1999,M08,1999 Aug,1.255,0.066,0.077,0.3,0.203,5.6,6.5,31.4,19.3
APU000074714,1999,M09,1999 Sep,1.28,0.025,0.132,0.289,0.247,2,11.5,29.2,23.9
APU000074714,1999,M10,1999 Oct,1.274,-0.006,0.085,0.097,0.232,-0.5,7.1,8.2,22.3
APU000074714,1999,M11,1999 Nov,1.264,-0.01,0.009,0.086,0.236,-0.8,0.7,7.3,23
APU000074714,1999,M12,1999 Dec,1.298,0.034,0.018,0.15,0.312,2.7,1.4,13.1,31.6
APU000074714,2000,M01,2000 Jan,1.301,0.003,0.027,0.112,0.329,0.2,2.1,9.4,33.8
APU000074714,2000,M02,2000 Feb,1.369,0.068,0.105,0.114,0.414,5.2,8.3,9.1,43.4
APU000074714,2000,M03,2000 Mar,1.541,0.172,0.243,0.261,0.55,12.6,18.7,20.4,55.5
APU000074714,2000,M04,2000 Apr,1.506,-0.035,0.205,0.232,0.329,-2.3,15.8,18.2,28
APU000074714,2000,M05,2000 May,1.498,-0.008,0.129,0.234,0.32,-0.5,9.4,18.5,27.2
APU000074714,2000,M06,2000 Jun,1.617,0.119,0.076,0.319,0.469,7.9,4.9,24.6,40.9
APU000074714,2000,M07,2000 Jul,1.593,-0.024,0.087,0.292,0.404,-1.5,5.8,22.4,34
APU000074714,2000,M08,2000 Aug,1.51,-0.083,0.012,0.141,0.255,-5.2,0.8,10.3,20.3
APU000074714,2000,M09,2000 Sep,1.582,0.072,-0.035,0.041,0.302,4.8,-2.2,2.7,23.6
APU000074714,2000,M10,2000 Oct,1.559,-0.023,-0.034,0.053,0.285,-1.5,-2.1,3.5,22.4
APU000074714,2000,M11,2000 Nov,1.555,-0.004,0.045,0.057,0.291,-0.3,3,3.8,23
APU000074714,2000,M12,2000 Dec,1.489,-0.066,-0.093,-0.128,0.191,-4.2,-5.9,-7.9,14.7
APU000074714,2001,M01,2001 Jan,1.472,-0.017,-0.087,-0.121,0.171,-1.1,-5.6,-7.6,13.1
APU000074714,2001,M02,2001 Feb,1.484,0.012,-0.071,-0.026,0.115,0.8,-4.6,-1.7,8.4
APU000074714,2001,M03,2001 Mar,1.447,-0.037,-0.042,-0.135,-0.094,-2.5,-2.8,-8.5,-6.1
APU000074714,2001,M04,2001 Apr,1.564,0.117,0.092,0.005,0.058,8.1,6.3,0.3,3.9
APU000074714,2001,M05,2001 May,1.729,0.165,0.245,0.174,0.231,10.5,16.5,11.2,15.4
APU000074714,2001,M06,2001 Jun,1.64,-0.089,0.193,0.151,0.023,-5.1,13.3,10.1,1.4
APU000074714,2001,M07,2001 Jul,1.482,-0.158,-0.082,0.01,-0.111,-9.6,-5.2,0.7,-7
APU000074714,2001,M08,2001 Aug,1.427,-0.055,-0.302,-0.057,-0.083,-3.7,-17.5,-3.8,-5.5
APU000074714,2001,M09,2001 Sep,1.531,0.104,-0.109,0.084,-0.051,7.3,-6.6,5.8,-3.2
APU000074714,2001,M10,2001 Oct,1.362,-0.169,-0.12,-0.202,-0.197,-11,-8.1,-12.9,-12.6
APU000074714,2001,M11,2001 Nov,1.263,-0.099,-0.164,-0.466,-0.292,-7.3,-11.5,-27,-18.8
APU000074714,2001,M12,2001 Dec,1.131,-0.132,-0.4,-0.509,-0.358,-10.5,-26.1,-31,-24
APU000074714,2002,M01,2002 Jan,1.139,0.008,-0.223,-0.343,-0.333,0.7,-16.4,-23.1,-22.6
APU000074714,2002,M02,2002 Feb,1.13,-0.009,-0.133,-0.297,-0.354,-0.8,-10.5,-20.8,-23.9
APU000074714,2002,M03,2002 Mar,1.241,0.111,0.11,-0.29,-0.206,9.8,9.7,-18.9,-14.2
APU000074714,2002,M04,2002 Apr,1.407,0.166,0.268,0.045,-0.157,13.4,23.5,3.3,-10
APU000074714,2002,M05,2002 May,1.421,0.014,0.291,0.158,-0.308,1,25.8,12.5,-17.8
APU000074714,2002,M06,2002 Jun,1.404,-0.017,0.163,0.273,-0.236,-1.2,13.1,24.1,-14.4
APU000074714,2002,M07,2002 Jul,1.412,0.008,0.005,0.273,-0.07,0.6,0.4,24,-4.7
APU000074714,2002,M08,2002 Aug,1.423,0.011,0.002,0.293,-0.004,0.8,0.1,25.9,-0.3
APU000074714,2002,M09,2002 Sep,1.422,-0.001,0.018,0.181,-0.109,-0.1,1.3,14.6,-7.1
APU000074714,2002,M10,2002 Oct,1.449,0.027,0.037,0.042,0.087,1.9,2.6,3,6.4
APU000074714,2002,M11,2002 Nov,1.448,-0.001,0.025,0.027,0.185,-0.1,1.8,1.9,14.6
APU000074714,2002,M12,2002 Dec,1.394,-0.054,-0.028,-0.01,0.263,-3.7,-2,-0.7,23.3
APU000074714,2003,M01,2003 Jan,1.473,0.079,0.024,0.061,0.334,5.7,1.7,4.3,29.3
APU000074714,2003,M02,2003 Feb,1.641,0.168,0.193,0.218,0.511,11.4,13.3,15.3,45.2
APU000074714,2003,M03,2003 Mar,1.748,0.107,0.354,0.326,0.507,6.5,25.4,22.9,40.9
APU000074714,2003,M04,2003 Apr,1.659,-0.089,0.186,0.21,0.252,-5.1,12.6,14.5,17.9
APU000074714,2003,M05,2003 May,1.542,-0.117,-0.099,0.094,0.121,-7.1,-6,6.5,8.5
APU000074714,2003,M06,2003 Jun,1.514,-0.028,-0.234,0.12,0.11,-1.8,-13.4,8.6,7.8
APU000074714,2003,M07,2003 Jul,1.524,0.01,-0.135,0.051,0.112,0.7,-8.1,3.5,7.9
APU000074714,2003,M08,2003 Aug,1.628,0.104,0.086,-0.013,0.205,6.8,5.6,-0.8,14.4
APU000074714,2003,M09,2003 Sep,1.728,0.1,0.214,-0.02,0.306,6.1,14.1,-1.1,21.5
APU000074714,2003,M10,2003 Oct,1.603,-0.125,0.079,-0.056,0.154,-7.2,5.2,-3.4,10.6
APU000074714,2003,M11,2003 Nov,1.535,-0.068,-0.093,-0.007,0.087,-4.2,-5.7,-0.5,6
APU000074714,2003,M12,2003 Dec,1.494,-0.041,-0.234,-0.02,0.1,-2.7,-13.5,-1.3,7.2
APU000074714,2004,M01,2004 Jan,1.592,0.098,-0.011,0.068,0.119,6.6,-0.7,4.5,8.1
APU000074714,2004,M02,2004 Feb,1.672,0.08,0.137,0.044,0.031,5,8.9,2.7,1.9
APU000074714,2004,M03,2004 Mar,1.766,0.094,0.272,0.038,0.018,5.6,18.2,2.2,1
APU000074714,2004,M04,2004 Apr,1.833,0.067,0.241,0.23,0.174,3.8,15.1,14.3,10.5
APU000074714,2004,M05,2004 May,2.009,0.176,0.337,0.474,0.467,9.6,20.2,30.9,30.3
APU000074714,2004,M06,2004 Jun,2.041,0.032,0.275,0.547,0.527,1.6,15.6,36.6,34.8
APU000074714,2004,M07,2004 Jul,1.939,-0.102,0.106,0.347,0.415,-5,5.8,21.8,27.2
APU000074714,2004,M08,2004 Aug,1.898,-0.041,-0.111,0.226,0.27,-2.1,-5.5,13.5,16.6
APU000074714,2004,M09,2004 Sep,1.891,-0.007,-0.15,0.125,0.163,-0.4,-7.3,7.1,9.4
APU000074714,2004,M10,2004 Oct,2.029,0.138,0.09,0.196,0.426,7.3,4.6,10.7,26.6
APU000074714,2004,M11,2004 Nov,2.01,-0.019,0.112,0.001,0.475,-0.9,5.9,0,30.9
APU000074714,2004,M12,2004 Dec,1.882,-0.128,-0.009,-0.159,0.388,-6.4,-0.5,-7.8,26
APU000074714,2005,M01,2005 Jan,1.823,-0.059,-0.206,-0.116,0.231,-3.1,-10.2,-6,14.5
APU000074714,2005,M02,2005 Feb,1.918,0.095,-0.092,0.02,0.246,5.2,-4.6,1.1,14.7
APU000074714,2005,M03,2005 Mar,2.065,0.147,0.183,0.174,0.299,7.7,9.7,9.2,16.9
APU000074714,2005,M04,2005 Apr,2.283,0.218,0.46,0.254,0.45,10.6,25.2,12.5,24.5
APU000074714,2005,M05,2005 May,2.216,-0.067,0.298,0.206,0.207,-2.9,15.5,10.2,10.3
APU000074714,2005,M06,2005 Jun,2.176,-0.04,0.111,0.294,0.135,-1.8,5.4,15.6,6.6
APU000074714,2005,M07,2005 Jul,2.316,0.14,0.033,0.493,0.377,6.4,1.4,27,19.4
APU000074714,2005,M08,2005 Aug,2.506,0.19,0.29,0.588,0.608,8.2,13.1,30.7,32
APU000074714,2005,M09,2005 Sep,2.927,0.421,0.751,0.862,1.036,16.8,34.5,41.7,54.8
APU000074714,2005,M10,2005 Oct,2.785,-0.142,0.469,0.502,0.756,-4.9,20.3,22,37.3
APU000074714,2005,M11,2005 Nov,2.343,-0.442,-0.163,0.127,0.333,-15.9,-6.5,5.7,16.6
APU000074714,2005,M12,2005 Dec,2.186,-0.157,-0.741,0.01,0.304,-6.7,-25.3,0.5,16.2
APU000074714,2006,M01,2006 Jan,2.315,0.129,-0.47,-0.001,0.492,5.9,-16.9,0,27
APU000074714,2006,M02,2006 Feb,2.31,-0.005,-0.033,-0.196,0.392,-0.2,-1.4,-7.8,20.4
APU000074714,2006,M03,2006 Mar,2.401,0.091,0.215,-0.526,0.336,3.9,9.8,-18,16.3
APU000074714,2006,M04,2006 Apr,2.757,0.356,0.442,-0.028,0.474,14.8,19.1,-1,20.8
APU000074714,2006,M05,2006 May,2.947,0.19,0.637,0.604,0.731,6.9,27.6,25.8,33
APU000074714,2006,M06,2006 Jun,2.917,-0.03,0.516,0.731,0.741,-1,21.5,33.4,34.1
APU000074714,2006,M07,2006 Jul,2.999,0.082,0.242,0.684,0.683,2.8,8.8,29.5,29.5
APU000074714,2006,M08,2006 Aug,2.985,-0.014,0.038,0.675,0.479,-0.5,1.3,29.2,19.1
APU000074714,2006,M09,2006 Sep,2.589,-0.396,-0.328,0.188,-0.338,-13.3,-11.2,7.8,-11.5
APU000074714,2006,M10,2006 Oct,2.272,-0.317,-0.727,-0.485,-0.513,-12.2,-24.2,-17.6,-18.4
APU000074714,2006,M11,2006 Nov,2.241,-0.031,-0.744,-0.706,-0.102,-1.4,-24.9,-24,-4.4
APU000074714,2006,M12,2006 Dec,2.334,0.093,-0.255,-0.583,0.148,4.1,-9.8,-20,6.8
APU000074714,2007,M01,2007 Jan,2.274,-0.06,0.002,-0.725,-0.041,-2.6,0.1,-24.2,-1.8
APU000074714,2007,M02,2007 Feb,2.285,0.011,0.044,-0.7,-0.025,0.5,2,-23.5,-1.1
APU000074714,2007,M03,2007 Mar,2.592,0.307,0.258,0.003,0.191,13.4,11.1,0.1,8
APU000074714,2007,M04,2007 Apr,2.86,0.268,0.586,0.588,0.103,10.3,25.8,25.9,3.7
APU000074714,2007,M05,2007 May,3.13,0.27,0.845,0.889,0.183,9.4,37,39.7,6.2
APU000074714,2007,M06,2007 Jun,3.052,-0.078,0.46,0.718,0.135,-2.5,17.7,30.8,4.6
APU000074714,2007,M07,2007 Jul,2.961,-0.091,0.101,0.687,-0.038,-3,3.5,30.2,-1.3
APU000074714,2007,M08,2007 Aug,2.782,-0.179,-0.348,0.497,-0.203,-6,-11.1,21.8,-6.8
APU000074714,2007,M09,2007 Sep,2.789,0.007,-0.263,0.197,0.2,0.3,-8.6,7.6,7.7
APU000074714,2007,M10,2007 Oct,2.793,0.004,-0.168,-0.067,0.521,0.1,-5.7,-2.3,22.9
APU000074714,2007,M11,2007 Nov,3.069,0.276,0.287,-0.061,0.828,9.9,10.3,-1.9,36.9
APU000074714,2007,M12,2007 Dec,3.02,-0.049,0.231,-0.032,0.686,-1.6,8.3,-1,29.4
APU000074714,2008,M01,2008 Jan,3.047,0.027,0.254,0.086,0.773,0.9,9.1,2.9,34
APU000074714,2008,M02,2008 Feb,3.033,-0.014,-0.036,0.251,0.748,-0.5,-1.2,9,32.7
APU000074714,2008,M03,2008 Mar,3.258,0.225,0.238,0.469,0.666,7.4,7.9,16.8,25.7
APU000074714,2008,M04,2008 Apr,3.441,0.183,0.394,0.648,0.581,5.6,12.9,23.2,20.3
APU000074714,2008,M05,2008 May,3.764,0.323,0.731,0.695,0.634,9.4,24.1,22.6,20.3
APU000074714,2008,M06,2008 Jun,4.065,0.301,0.807,1.045,1.013,8,24.8,34.6,33.2
APU000074714,2008,M07,2008 Jul,4.09,0.025,0.649,1.043,1.129,0.6,18.9,34.2,38.1
APU000074714,2008,M08,2008 Aug,3.786,-0.304,0.022,0.753,1.004,-7.4,0.6,24.8,36.1
APU000074714,2008,M09,2008 Sep,3.698,-0.088,-0.367,0.44,0.909,-2.3,-9,13.5,32.6
APU000074714,2008,M10,2008 Oct,3.173,-0.525,-0.917,-0.268,0.38,-14.2,-22.4,-7.8,13.6
APU000074714,2008,M11,2008 Nov,2.151,-1.022,-1.635,-1.613,-0.918,-32.2,-43.2,-42.9,-29.9
APU000074714,2008,M12,2008 Dec,1.689,-0.462,-2.009,-2.376,-1.331,-21.5,-54.3,-58.5,-44.1
APU000074714,2009,M01,2009 Jan,1.787,0.098,-1.386,-2.303,-1.26,5.8,-43.7,-56.3,-41.4
APU000074714,2009,M02,2009 Feb,1.928,0.141,-0.223,-1.858,-1.105,7.9,-10.4,-49.1,-36.4
APU000074714,2009,M03,2009 Mar,1.949,0.021,0.26,-1.749,-1.309,1.1,15.4,-47.3,-40.2
APU000074714,2009,M04,2009 Apr,2.056,0.107,0.269,-1.117,-1.385,5.5,15.1,-35.2,-40.2
APU000074714,2009,M05,2009 May,2.265,0.209,0.337,0.114,-1.499,10.2,17.5,5.3,-39.8
APU000074714,2009,M06,2009 Jun,2.631,0.366,0.682,0.942,-1.434,16.2,35,55.8,-35.3
APU000074714,2009,M07,2009 Jul,2.543,-0.088,0.487,0.756,-1.547,-3.3,23.7,42.3,-37.8
APU000074714,2009,M08,2009 Aug,2.627,0.084,0.362,0.699,-1.159,3.3,16,36.3,-30.6
APU000074714,2009,M09,2009 Sep,2.574,-0.053,-0.057,0.625,-1.124,-2,-2.2,32.1,-30.4
APU000074714,2009,M10,2009 Oct,2.561,-0.013,0.018,0.505,-0.612,-0.5,0.7,24.6,-19.3
APU000074714,2009,M11,2009 Nov,2.66,0.099,0.033,0.395,0.509,3.9,1.3,17.4,23.7
APU000074714,2009,M12,2009 Dec,2.621,-0.039,0.047,-0.01,0.932,-1.5,1.8,-0.4,55.2
APU000074714,2010,M01,2010 Jan,2.731,0.11,0.17,0.188,0.944,4.2,6.6,7.4,52.8
APU000074714,2010,M02,2010 Feb,2.659,-0.072,-0.001,0.032,0.731,-2.6,0,1.2,37.9
APU000074714,2010,M03,2010 Mar,2.78,0.121,0.159,0.206,0.831,4.6,6.1,8,42.6
APU000074714,2010,M04,2010 Apr,2.858,0.078,0.127,0.297,0.802,2.8,4.7,11.6,39
APU000074714,2010,M05,2010 May,2.869,0.011,0.21,0.209,0.604,0.4,7.9,7.9,26.7
APU000074714,2010,M06,2010 Jun,2.736,-0.133,-0.044,0.115,0.105,-4.6,-1.6,4.4,4
APU000074714,2010,M07,2010 Jul,2.736,0,-0.122,0.005,0.193,0,-4.3,0.2,7.6
APU000074714,2010,M08,2010 Aug,2.745,0.009,-0.124,0.086,0.118,0.3,-4.3,3.2,4.5
APU000074714,2010,M09,2010 Sep,2.704,-0.041,-0.032,-0.076,0.13,-1.5,-1.2,-2.7,5.1
APU000074714,2010,M10,2010 Oct,2.795,0.091,0.059,-0.063,0.234,3.4,2.2,-2.2,9.1
APU000074714,2010,M11,2010 Nov,2.852,0.057,0.107,-0.017,0.192,2,3.9,-0.6,7.2
APU000074714,2010,M12,2010 Dec,2.985,0.133,0.281,0.249,0.364,4.7,10.4,9.1,13.9
APU000074714,2011,M01,2011 Jan,3.091,0.106,0.296,0.355,0.36,3.6,10.6,13,13.2
APU000074714,2011,M02,2011 Feb,3.167,0.076,0.315,0.422,0.508,2.5,11,15.4,19.1
APU000074714,2011,M03,2011 Mar,3.546,0.379,0.561,0.842,0.766,12,18.8,31.1,27.6
APU000074714,2011,M04,2011 Apr,3.816,0.27,0.725,1.021,0.958,7.6,23.5,36.5,33.5
APU000074714,2011,M05,2011 May,3.933,0.117,0.766,1.081,1.064,3.1,24.2,37.9,37.1
APU000074714,2011,M06,2011 Jun,3.702,-0.231,0.156,0.717,0.966,-5.9,4.4,24,35.3
APU000074714,2011,M07,2011 Jul,3.654,-0.048,-0.162,0.563,0.918,-1.3,-4.2,18.2,33.6
APU000074714,2011,M08,2011 Aug,3.63,-0.024,-0.303,0.463,0.885,-0.7,-7.7,14.6,32.2
APU000074714,2011,M09,2011 Sep,3.612,-0.018,-0.09,0.066,0.908,-0.5,-2.4,1.9,33.6
APU000074714,2011,M10,2011 Oct,3.468,-0.144,-0.186,-0.348,0.673,-4,-5.1,-9.1,24.1
APU000074714,2011,M11,2011 Nov,3.423,-0.045,-0.207,-0.51,0.571,-1.3,-5.7,-13,20
APU000074714,2011,M12,2011 Dec,3.278,-0.145,-0.334,-0.424,0.293,-4.2,-9.2,-11.5,9.8
APU000074714,2012,M01,2012 Jan,3.399,0.121,-0.069,-0.255,0.308,3.7,-2,-7,10
APU000074714,2012,M02,2012 Feb,3.572,0.173,0.149,-0.058,0.405,5.1,4.4,-1.6,12.8
APU000074714,2012,M03,2012 Mar,3.868,0.296,0.59,0.256,0.322,8.3,18,7.1,9.1
APU000074714,2012,M04,2012 Apr,3.927,0.059,0.528,0.459,0.111,1.5,15.5,13.2,2.9
APU000074714,2012,M05,2012 May,3.792,-0.135,0.22,0.369,-0.141,-3.4,6.2,10.8,-3.6
APU000074714,2012,M06,2012 Jun,3.552,-0.24,-0.316,0.274,-0.15,-6.3,-8.2,8.4,-4.1
APU000074714,2012,M07,2012 Jul,3.451,-0.101,-0.476,0.052,-0.203,-2.8,-12.1,1.5,-5.6
APU000074714,2012,M08,2012 Aug,3.707,0.256,-0.085,0.135,0.077,7.4,-2.2,3.8,2.1
APU000074714,2012,M09,2012 Sep,3.856,0.149,0.304,-0.012,0.244,4,8.6,-0.3,6.8
APU000074714,2012,M10,2012 Oct,3.786,-0.07,0.335,-0.141,0.318,-1.8,9.7,-3.6,9.2
APU000074714,2012,M11,2012 Nov,3.488,-0.298,-0.219,-0.304,0.065,-7.9,-5.9,-8,1.9
APU000074714,2012,M12,2012 Dec,3.331,-0.157,-0.525,-0.221,0.053,-4.5,-13.6,-6.2,1.6
APU000074714,2013,M01,2013 Jan,3.351,0.02,-0.435,-0.1,-0.048,0.6,-11.5,-2.9,-1.4
APU000074714,2013,M02,2013 Feb,3.693,0.342,0.205,-0.014,0.121,10.2,5.9,-0.4,3.4
APU000074714,2013,M03,2013 Mar,3.735,0.042,0.404,-0.121,-0.133,1.1,12.1,-3.1,-3.4
APU000074714,2013,M04,2013 Apr,3.59,-0.145,0.239,-0.196,-0.337,-3.9,7.1,-5.2,-8.6
APU000074714,2013,M05,2013 May,3.623,0.033,-0.07,0.135,-0.169,0.9,-1.9,3.9,-4.5
APU000074714,2013,M06,2013 Jun,3.633,0.01,-0.102,0.302,0.081,0.3,-2.7,9.1,2.3
APU000074714,2013,M07,2013 Jul,3.628,-0.005,0.038,0.277,0.177,-0.1,1.1,8.3,5.1
APU000074714,2013,M08,2013 Aug,3.6,-0.028,-0.023,-0.093,-0.107,-0.8,-0.6,-2.5,-2.9
APU000074714,2013,M09,2013 Sep,3.556,-0.044,-0.077,-0.179,-0.3,-1.2,-2.1,-4.8,-7.8
APU000074714,2013,M10,2013 Oct,3.375,-0.181,-0.253,-0.215,-0.411,-5.1,-7,-6,-10.9
APU000074714,2013,M11,2013 Nov,3.251,-0.124,-0.349,-0.372,-0.237,-3.7,-9.7,-10.3,-6.8
APU000074714,2013,M12,2013 Dec,3.277,0.026,-0.279,-0.356,-0.054,0.8,-7.8,-9.8,-1.6
APU000074714,2014,M01,2014 Jan,3.32,0.043,-0.055,-0.308,-0.031,1.3,-1.6,-8.5,-0.9
APU000074714,2014,M02,2014 Feb,3.364,0.044,0.113,-0.236,-0.329,1.3,3.5,-6.6,-8.9
APU000074714,2014,M03,2014 Mar,3.532,0.168,0.255,-0.024,-0.203,5,7.8,-0.7,-5.4
APU000074714,2014,M04,2014 Apr,3.659,0.127,0.339,0.284,0.069,3.6,10.2,8.4,1.9
APU000074714,2014,M05,2014 May,3.691,0.032,0.327,0.44,0.068,0.9,9.7,13.5,1.9
APU000074714,2014,M06,2014 Jun,3.695,0.004,0.163,0.418,0.062,0.1,4.6,12.8,1.7
APU000074714,2014,M07,2014 Jul,3.633,-0.062,-0.026,0.313,0.005,-1.7,-0.7,9.4,0.1
APU000074714,2014,M08,2014 Aug,3.481,-0.152,-0.21,0.117,-0.119,-4.2,-5.7,3.5,-3.3
APU000074714,2014,M09,2014 Sep,3.403,-0.078,-0.292,-0.129,-0.153,-2.2,-7.9,-3.7,-4.3
APU000074714,2014,M10,2014 Oct,3.182,-0.221,-0.451,-0.477,-0.193,-6.5,-12.4,-13,-5.7
APU000074714,2014,M11,2014 Nov,2.887,-0.295,-0.594,-0.804,-0.364,-9.3,-17.1,-21.8,-11.2
APU000074714,2014,M12,2014 Dec,2.56,-0.327,-0.843,-1.135,-0.717,-11.3,-24.8,-30.7,-21.9
APU000074714,2015,M01,2015 Jan,2.11,-0.45,-1.072,-1.523,-1.21,-17.6,-33.7,-41.9,-36.4
APU000074714,2015,M02,2015 Feb,2.249,0.139,-0.638,-1.232,-1.115,6.6,-22.1,-35.4,-33.1
APU000074714,2015,M03,2015 Mar,2.483,0.234,-0.077,-0.92,-1.049,10.4,-3,-27,-29.7
APU000074714,2015,M04,2015 Apr,2.485,0.002,0.375,-0.697,-1.174,0.1,17.8,-21.9,-32.1
APU000074714,2015,M05,2015 May,2.775,0.29,0.526,-0.112,-0.916,11.7,23.4,-3.9,-24.8
APU000074714,2015,M06,2015 Jun,2.832,0.057,0.349,0.272,-0.863,2.1,14.1,10.6,-23.4
APU000074714,2015,M07,2015 Jul,2.832,0,0.347,0.722,-0.801,0,14,34.2,-22
APU000074714,2015,M08,2015 Aug,2.679,-0.153,-0.096,0.43,-0.802,-5.4,-3.5,19.1,-23
APU000074714,2015,M09,2015 Sep,2.394,-0.285,-0.438,-0.089,-1.009,-10.6,-15.5,-3.6,-29.7
APU000074714,2015,M10,2015 Oct,2.289,-0.105,-0.543,-0.196,-0.893,-4.4,-19.2,-7.9,-28.1
APU000074714,2015,M11,2015 Nov,2.185,-0.104,-0.494,-0.59,-0.702,-4.5,-18.4,-21.3,-24.3
APU000074714,2015,M12,2015 Dec,2.06,-0.125,-0.334,-0.772,-0.5,-5.7,-14,-27.3,-19.5
APU000074714,2016,M01,2016 Jan,1.967,-0.093,-0.322,-0.865,-0.143,-4.5,-14.1,-30.5,-6.8
APU000074714,2016,M02,2016 Feb,1.767,-0.2,-0.418,-0.912,-0.482,-10.2,-19.1,-34,-21.4
APU000074714,2016,M03,2016 Mar,1.958,0.191,-0.102,-0.436,-0.525,10.8,-5,-18.2,-21.1
APU000074714,2016,M04,2016 Apr,2.134,0.176,0.167,-0.155,-0.351,9,8.5,-6.8,-14.1
APU000074714,2016,M05,2016 May,2.264,0.13,0.497,0.079,-0.511,6.1,28.1,3.6,-18.4
APU000074714,2016,M06,2016 Jun,2.363,0.099,0.405,0.303,-0.469,4.4,20.7,14.7,-16.6
APU000074714,2016,M07,2016 Jul,2.225,-0.138,0.091,0.258,-0.607,-5.8,4.3,13.1,-21.4
APU000074714,2016,M08,2016 Aug,2.155,-0.07,-0.109,0.388,-0.524,-3.1,-4.8,22,-19.6
APU000074714,2016,M09,2016 Sep,2.208,0.053,-0.155,0.25,-0.186,2.5,-6.6,12.8,-7.8
APU000074714,2016,M10,2016 Oct,2.243,0.035,0.018,0.109,-0.046,1.6,0.8,5.1,-2
APU000074714,2016,M11,2016 Nov,2.187,-0.056,0.032,-0.077,0.002,-2.5,1.5,-3.4,0.1
APU000074714,2016,M12,2016 Dec,2.23,0.043,0.022,-0.133,0.17,2,1,-5.6,8.3
APU000074714,2017,M01,2017 Jan,2.351,0.121,0.108,0.126,0.384,5.4,4.8,5.7,19.5
APU000074714,2017,M02,2017 Feb,2.299,-0.052,0.112,0.144,0.532,-2.2,5.1,6.7,30.1
APU000074714,2017,M03,2017 Mar,2.323,0.024,0.093,0.115,0.365,1,4.2,5.2,18.6
APU000074714,2017,M04,2017 Apr,2.418,0.095,0.067,0.175,0.284,4.1,2.8,7.8,13.3
APU000074714,2017,M05,2017 May,2.386,-0.032,0.087,0.199,0.122,-1.3,3.8,9.1,5.4
APU000074714,2017,M06,2017 Jun,2.337,-0.049,0.014,0.107,-0.026,-2.1,0.6,4.8,-1.1
APU000074714,2017,M07,2017 Jul,2.281,-0.056,-0.137,-0.07,0.056,-2.4,-5.7,-3,2.5
APU000074714,2017,M08,2017 Aug,2.374,0.093,-0.012,0.075,0.219,4.1,-0.5,3.3,10.2
APU000074714,2017,M09,2017 Sep,2.63,0.256,0.293,0.307,0.422,10.8,12.5,13.2,19.1
APU000074714,2017,M10,2017 Oct,2.484,-0.146,0.203,0.066,0.241,-5.6,8.9,2.7,10.7
APU000074714,2017,M11,2017 Nov,2.548,0.064,0.174,0.162,0.361,2.6,7.3,6.8,16.5
APU000074714,2017,M12,2017 Dec,2.459,-0.089,-0.171,0.122,0.229,-3.5,-6.5,5.2,10.3
APU000074714,2018,M01,2018 Jan,2.539,0.08,0.055,0.258,0.188,3.3,2.2,11.3,8
APU000074714,2018,M02,2018 Feb,2.575,0.036,0.027,0.201,0.276,1.4,1.1,8.5,12
APU000074714,2018,M03,2018 Mar,2.572,-0.003,0.113,-0.058,0.249,-0.1,4.6,-2.2,10.7
APU000074714,2018,M04,2018 Apr,2.737,0.165,0.198,0.253,0.319,6.4,7.8,10.2,13.2
APU000074714,2018,M05,2018 May,2.907,0.17,0.332,0.359,0.521,6.2,12.9,14.1,21.8
APU000074714,2018,M06,2018 Jun,2.914,0.007,0.342,0.455,0.577,0.2,13.3,18.5,24.7
APU000074714,2018,M07,2018 Jul,2.873,-0.041,0.136,0.334,0.592,-1.4,5,13.2,26
APU000074714,2018,M08,2018 Aug,2.862,-0.011,-0.045,0.287,0.488,-0.4,-1.5,11.1,20.6
APU000074714,2018,M09,2018 Sep,2.873,0.011,-0.041,0.301,0.243,0.4,-1.4,11.7,9.2
APU000074714,2018,M10,2018 Oct,2.887,0.014,0.014,0.15,0.403,0.5,0.5,5.5,16.2
APU000074714,2018,M11,2018 Nov,2.671,-0.216,-0.191,-0.236,0.123,-7.5,-6.7,-8.1,4.8
APU000074714,2018,M12,2018 Dec,2.414,-0.257,-0.459,-0.5,-0.045,-9.6,-16,-17.2,-1.8
APU000074714,2019,M01,2019 Jan,2.289,-0.125,-0.598,-0.584,-0.25,-5.2,-20.7,-20.3,-9.8
APU000074714,2019,M02,2019 Feb,2.353,0.064,-0.318,-0.509,-0.222,2.8,-11.9,-17.8,-8.6
APU000074714,2019,M03,2019 Mar,2.564,0.211,0.15,-0.309,-0.008,9,6.2,-10.8,-0.3
APU000074714,2019,M04,2019 Apr,2.835,0.271,0.546,-0.052,0.098,10.6,23.9,-1.8,3.6
APU000074714,2019,M05,2019 May,2.901,0.066,0.548,0.23,-0.006,2.3,23.3,8.6,-0.2
APU000074714,2019,M06,2019 Jun,2.752,-0.149,0.188,0.338,-0.162,-5.1,7.3,14,-5.6
APU000074714,2019,M07,2019 Jul,2.776,0.024,-0.059,0.487,-0.097,0.9,-2.1,21.3,-3.4
APU000074714,2019,M08,2019 Aug,2.655,-0.121,-0.246,0.302,-0.207,-4.4,-8.5,12.8,-7.2
APU000074714,2019,M09,2019 Sep,2.63,-0.025,-0.122,0.066,-0.243,-0.9,-4.4,2.6,-8.5
APU000074714,2019,M10,2019 Oct,2.673,0.043,-0.103,-0.162,-0.214,1.6,-3.7,-5.7,-7.4
APU000074714,2019,M11,2019 Nov,2.62,-0.053,-0.035,-0.281,-0.051,-2,-1.3,-9.7,-1.9
APU000074714,2019,M12,2019 Dec,2.587,-0.033,-0.043,-0.165,0.173,-1.3,-1.6,-6,7.2
APU000074714,2020,M01,2020 Jan,2.567,-0.02,-0.106,-0.209,0.278,-0.8,-4,-7.5,12.1
APU000074714,2020,M02,2020 Feb,2.465,-0.102,-0.155,-0.19,0.112,-4,-5.9,-7.2,4.8
